Feature,Importance
Department_Water Resources,0.8406962050823283
Type_Complaint,0.03393735651642465
Status_In Progress,0.030256018668239824
Type_Maintenance,0.024535246222664186
Type_Emergency,0.020216882601530924
Status_Closed,0.018153212613574537
Status_Escalated,0.009149125327253121
Department_Safety,0.007936864663730104
Department_Community Services,0.0070244229875269055
Type_Inquiry,0.005242637759748298
Department_Public Works,0.00155966765376923
Status_Open,0.0012923599032099355
