,Avg_Response_Time_Hours,Total_Cost
count,4.0,4.0
mean,22.56092604620516,17749.644283175057
std,5.798353500471147,3376.0744232364627
min,19.247728198518928,15002.327918899455
25%,19.471883657347806,15159.798530018432
50%,19.879276550162125,16918.68694131842
75%,22.96831893901948,19508.53269447505
max,31.237422885977463,22158.875331163934
